{"url": "http://testserver/api/books/214/", "id": 214, "title": "FinalTest", "publisher": "Nha Nam", "authors": ["Thomas Harris"], "categories": ["Horror", "mFROdGhlhJSFzptNctBLHjTJOmiJGNdsWAPEaqSYpMJKvevQLnHwygbbYfLZfrGJerFCZCBExcOWQYvuuxAIDOlbqoHUXzjtToWiHGTXIXxdgzMosRbRGYlM", "hEbslkzkZAElbCulppahvjBlWJDPmUODLVlBJmnItqyIjUGPUKWdXZAODZZqqZCsTAkLlhTDsUNVzTsAazRaWFsAUySJGOiMtmWHtfhuncwhqZpmYxtKGrBy", "IXWsSiLdGWrdLOFtgZFrTHRFGTgNXLzpyLibkTxcVSBKzgTZyCnYwckGFVerTPcHpaLxAudRgjmibjpftRHSxUcedLmBPedQsaZQBuFVtWJesKIagSsCQNlk"], "publication_date": "2017-07-06", "language": "Vietnam", "number_of_pages": 10, "format": "json", "inventory": 10, "description": "123", "condition": "new", "image": "http://testserver/www/media/books/finaltest/finaltest.jpg", "archive_link": "http://testserver/www/media/download/finaltest.zip"}
