{"url": "http://testserver/api/books/13/", "id": 13, "title": "Harry Potter", "publisher": "Nh\u00e0 xu\u1ea5t b\u1ea3n tr\u1ebb", "authors": ["J. K. Rowling"], "categories": ["Comics"], "publication_date": "2017-07-10", "language": "Vietnam", "number_of_pages": 1, "format": "Unknown", "inventory": 3, "description": "Harry Potter l\u00e0 t\u00ean c\u1ee7a b\u1ed9 truy\u1ec7n (g\u1ed3m b\u1ea3y ph\u1ea7n) c\u1ee7a n\u1eef nh\u00e0 v\u0103n n\u01b0\u1edbc Anh J. K. Rowling. B\u1ed9 truy\u1ec7n vi\u1ebft v\u1ec1 nh\u1eefng cu\u1ed9c phi\u00eau l\u01b0u ph\u00f9 th\u1ee7y c\u1ee7a c\u1eadu b\u00e9 Harry Potter v\u00e0 nh\u1eefng ng\u01b0\u1eddi b\u1ea1n Ronald Weasley, Hermione Granger, l\u1ea5y b\u1ed1i c\u1ea3nh t\u1ea1i Tr\u01b0\u1eddng Ph\u00f9 th\u1ee7y v\u00e0 Ph\u00e1p s\u01b0 Hogwarts n\u01b0\u1edbc Anh. Nh\u1eefng cu\u1ed9c phi\u00eau l\u01b0u t\u1eadp trung v\u00e0o cu\u1ed9c chi\u1ebfn c\u1ee7a Harry Potter trong vi\u1ec7c ch\u1ed1ng l\u1ea1i t\u00ean Ch\u00faa t\u1ec3 h\u1eafc \u00e1m Voldemort - ng\u01b0\u1eddi c\u00f3 tham v\u1ecdng mu\u1ed1n tr\u1edf n\u00ean b\u1ea5t t\u1eed, th\u1ed1ng tr\u1ecb th\u1ebf gi\u1edbi ph\u00f9 th\u1ee7y, n\u00f4 d\u1ecbch h\u00f3a nh\u1eefng ng\u01b0\u1eddi phi ph\u00e1p thu\u1eadt v\u00e0 ti\u00eau di\u1ec7t nh\u1eefng ai c\u1ea3n \u0111\u01b0\u1eddng h\u1eafn \u0111\u1eb7c bi\u1ec7t l\u00e0 Harry Potter.\r\n\r\nB\u1ed9 truy\u1ec7n k\u1ebft h\u1ee3p nhi\u1ec1u th\u1ec3 lo\u1ea1i, bao g\u1ed3m c\u1ea3 gi\u1ea3 t\u01b0\u1edfng v\u00e0 giai \u0111o\u1ea1n tu\u1ed5i m\u1edbi l\u1edbn (v\u1edbi c\u00e1c y\u1ebfu t\u1ed1 huy\u1ec1n b\u00ed, kinh d\u1ecb, phi\u00eau l\u01b0u v\u00e0 l\u00e3ng m\u1ea1n), nhi\u1ec1u \u00fd ngh\u0129a v\u1ec1 v\u0103n h\u00f3a v\u00e0 t\u01b0 li\u1ec7u tham kh\u1ea3o[1][2][3][4]. C\u0169ng theo t\u00e1c gi\u1ea3 J. K. Rowling, ch\u1ee7 \u0111\u1ec1 ch\u00ednh xuy\u00ean su\u1ed1t l\u00e0 c\u00e1i ch\u1ebft[5].\r\n\r\nNgay t\u1eeb khi xu\u1ea5t b\u1ea3n ph\u1ea7n m\u1ed9t (Harry Potter and the Philosopher's Stone - \u1ea5n b\u1ea3n Anh; Harry Potter and the Sorcerer's Stone - \u1ea5n b\u1ea3n M\u1ef9; Harry Potter v\u00e0 H\u00f2n \u0111\u00e1 Ph\u00f9 th\u1ee7y - b\u1ea3n d\u1ecbch ti\u1ebfng Vi\u1ec7t) v\u00e0o ng\u00e0y 30 th\u00e1ng 6 n\u0103m 1997, b\u1ed9 truy\u1ec7n ng\u00e0y c\u00e0ng n\u1ed5i ti\u1ebfng tr\u00ean to\u00e0n th\u1ebf gi\u1edbi, \u0111\u01b0\u1ee3c gi\u1edbi ph\u00ea b\u00ecnh hoan ngh\u00eanh v\u00e0 r\u1ea5t th\u00e0nh c\u00f4ng v\u1ec1 m\u1eb7t th\u01b0\u01a1ng m\u1ea1i[6]. B\u1ed9 truy\u1ec7n c\u0169ng nh\u1eadn \u0111\u01b0\u1ee3c m\u1ed9t s\u1ed1 l\u1eddi ch\u1ec9 tr\u00edch, bao g\u1ed3m c\u1ea3 vi\u1ec7c lo ng\u1ea1i v\u1ec1 v\u1ebb \u0111en t\u1ed1i ng\u00e0y c\u00e0ng t\u0103ng. \u0110\u1ebfn th\u00e1ng 6 n\u0103m 2011, c\u1ea3 b\u1ea3y quy\u1ec3n \u0111\u00e3 b\u00e1n \u0111\u01b0\u1ee3c h\u01a1n 450 tri\u1ec7u b\u1ea3n, tr\u1edf th\u00e0nh b\u1ed9 s\u00e1ch b\u00e1n ch\u1ea1y nh\u1ea5t trong l\u1ecbch s\u1eed v\u00e0 \u0111\u01b0\u1ee3c d\u1ecbch sang 67 ng\u00f4n ng\u1eef[7]. Ph\u1ea7n b\u1ea3y, v\u00e0 c\u0169ng l\u00e0 ph\u1ea7n cu\u1ed1i c\u00f9ng, Harry Potter and the Deathly Hallows (Harry Potter v\u00e0 B\u1ea3o b\u1ed1i T\u1eed th\u1ea7n) xu\u1ea5t b\u1ea3n v\u00e0o ng\u00e0y 21 th\u00e1ng 7 n\u0103m 2007. H\u01a1n 11 tri\u1ec7u quy\u1ec3n \u0111\u00e3 \u0111\u01b0\u1ee3c b\u00e1n trong 24 gi\u1edd \u0111\u1ea7u ti\u00ean[8].", "condition": "new", "image": "http://testserver/www/media/books/harry-potter/harry-potter.jpg", "archive_link": "http://testserver/www/media/download/harry-potter.zip"}
