{"url": "http://testserver/api/books/8/", "id": 8, "title": "Barron's IELTS International English", "publisher": "Nh\u00e0 xu\u1ea5t b\u1ea3n tr\u1ebb", "authors": ["First News"], "categories": ["English"], "publication_date": "2017-07-09", "language": "English", "number_of_pages": 354, "format": "Unknown", "inventory": 4, "description": "Barron's IELTS International English (T\u00e1i B\u1ea3n) - K\u00e8m CD\r\n\r\nTrong t\u1eadp s\u00e1ch n\u00e0y, h\u1ecdc vi\u00ean s\u1ebd \u0111\u01b0\u1ee3c t\u1eadp trung luy\u1ec7n c\u00e1c k\u1ef9 n\u0103ng thi\u1ebft y\u1ebfu sau \u0111\u00e2y \u0111\u1ec3 chu\u1ea9n b\u1ecb cho m\u1ed9t k\u1ef3 thi IELTS hi\u1ec7u qu\u1ea3:\r\n\r\n- L\u00e0m b\u00e0i thi tr\u1eafc nghi\u1ec7m\r\n\r\n- C\u00e2u tr\u1ea3 l\u1eddi ng\u1eafn\r\n\r\n- Ho\u00e0n th\u00e0nh c\u00e2u\r\n\r\n- Ho\u00e0n th\u00e0nh bi\u1ec3u \u0111\u1ed3\r\n\r\n- K\u1ef9 n\u0103ng l\u00e0m b\u00e0i v\u1ec1 \u0111\u1ed3 th\u1ecb v\u00e0 b\u1ea3ng bi\u1ec3u\r\n\r\n- K\u1ef9 n\u0103ng ghi ch\u00fa\r\n\r\n- K\u1ef9 n\u0103ng t\u00f3m t\u1eaft ch\u1ee7 \u0111\u1ec1\r\n\r\n- \u0110i\u1ec1n v\u00e0o \u0111\u1ed3 th\u1ecb, b\u1ea3n \u0111\u1ed3\r\n\r\n- K\u1ef9 n\u0103ng ph\u00e2n t\u00edch\r\n\r\nQuy\u1ec3n s\u00e1ch luy\u1ec7n thi IELTS n\u00e0y c\u00f2n cung c\u1ea5p 4 b\u00e0i test th\u1ef1c h\u00e0nh c\u1ed9ng v\u1edbi ph\u1ea7n nghe v\u00e0 \u0111\u1ecdc c\u00f3 \u0111\u00e1p \u00e1n \u0111\u1ea7y \u0111\u1ee7, ti\u1ec7n cho h\u1ecdc vi\u00ean t\u1ef1 h\u1ecdc v\u00e0 ki\u1ec3m tra s\u1ef1 ti\u1ebfn b\u1ed9 c\u1ee7a ch\u00ednh m\u00ecnh qua t\u1eebng b\u00e0i thi th\u1eed. Nh\u01b0ng b\u00e0i thi th\u1eed n\u00e0y c\u00f3 c\u1ea5u tr\u00fac gi\u1ed1ng nh\u01b0 b\u00e0i thi IELTS th\u1eadt, gi\u00fap h\u1ecdc vi\u00ean v\u00e0 c\u00e1c th\u00ed sinh l\u00e0m quen d\u1ea7n v\u00e0 t\u0103ng th\u00eam l\u00f2ng tin khi \u0111\u1ed1i di\u1ec7n v\u1edbi k\u1ef3 thi th\u1ef1c t\u1ebf.", "condition": "old", "image": "http://testserver/www/media/books/barrons-ielts-international-english/barrons-ielts-international-english.gif", "archive_link": "http://testserver/www/media/download/barrons-ielts-international-english.zip"}
