-- MySQL dump 10.13  Distrib 5.7.18, for Linux (x86_64)
--
-- Host: localhost    Database: gumibookstore
-- ------------------------------------------------------
-- Server version	5.7.18

/*!40101 SET @OLD_CHARACTER_SET_CLIENT=@@CHARACTER_SET_CLIENT */;
/*!40101 SET @OLD_CHARACTER_SET_RESULTS=@@CHARACTER_SET_RESULTS */;
/*!40101 SET @OLD_COLLATION_CONNECTION=@@COLLATION_CONNECTION */;
/*!40101 SET NAMES utf8 */;
/*!40103 SET @OLD_TIME_ZONE=@@TIME_ZONE */;
/*!40103 SET TIME_ZONE='+00:00' */;
/*!40014 SET @OLD_UNIQUE_CHECKS=@@UNIQUE_CHECKS, UNIQUE_CHECKS=0 */;
/*!40014 SET @OLD_FOREIGN_KEY_CHECKS=@@FOREIGN_KEY_CHECKS, FOREIGN_KEY_CHECKS=0 */;
/*!40101 SET @OLD_SQL_MODE=@@SQL_MODE, SQL_MODE='NO_AUTO_VALUE_ON_ZERO' */;
/*!40111 SET @OLD_SQL_NOTES=@@SQL_NOTES, SQL_NOTES=0 */;

--
-- Table structure for table `auth_group`
--

DROP TABLE IF EXISTS `auth_group`;
/*!40101 SET @saved_cs_client     = @@character_set_client */;
/*!40101 SET character_set_client = utf8 */;
CREATE TABLE `auth_group` (
  `id` int(11) NOT NULL AUTO_INCREMENT,
  `name` varchar(80) NOT NULL,
  PRIMARY KEY (`id`),
  UNIQUE KEY `name` (`name`)
) ENGINE=InnoDB DEFAULT CHARSET=latin1;
/*!40101 SET character_set_client = @saved_cs_client */;

--
-- Dumping data for table `auth_group`
--

LOCK TABLES `auth_group` WRITE;
/*!40000 ALTER TABLE `auth_group` DISABLE KEYS */;
/*!40000 ALTER TABLE `auth_group` ENABLE KEYS */;
UNLOCK TABLES;

--
-- Table structure for table `auth_group_permissions`
--

DROP TABLE IF EXISTS `auth_group_permissions`;
/*!40101 SET @saved_cs_client     = @@character_set_client */;
/*!40101 SET character_set_client = utf8 */;
CREATE TABLE `auth_group_permissions` (
  `id` int(11) NOT NULL AUTO_INCREMENT,
  `group_id` int(11) NOT NULL,
  `permission_id` int(11) NOT NULL,
  PRIMARY KEY (`id`),
  UNIQUE KEY `auth_group_permissions_group_id_permission_id_0cd325b0_uniq` (`group_id`,`permission_id`),
  KEY `auth_group_permissio_permission_id_84c5c92e_fk_auth_perm` (`permission_id`),
  CONSTRAINT `auth_group_permissio_permission_id_84c5c92e_fk_auth_perm` FOREIGN KEY (`permission_id`) REFERENCES `auth_permission` (`id`),
  CONSTRAINT `auth_group_permissions_group_id_b120cbf9_fk_auth_group_id` FOREIGN KEY (`group_id`) REFERENCES `auth_group` (`id`)
) ENGINE=InnoDB DEFAULT CHARSET=latin1;
/*!40101 SET character_set_client = @saved_cs_client */;

--
-- Dumping data for table `auth_group_permissions`
--

LOCK TABLES `auth_group_permissions` WRITE;
/*!40000 ALTER TABLE `auth_group_permissions` DISABLE KEYS */;
/*!40000 ALTER TABLE `auth_group_permissions` ENABLE KEYS */;
UNLOCK TABLES;

--
-- Table structure for table `auth_permission`
--

DROP TABLE IF EXISTS `auth_permission`;
/*!40101 SET @saved_cs_client     = @@character_set_client */;
/*!40101 SET character_set_client = utf8 */;
CREATE TABLE `auth_permission` (
  `id` int(11) NOT NULL AUTO_INCREMENT,
  `name` varchar(255) NOT NULL,
  `content_type_id` int(11) NOT NULL,
  `codename` varchar(100) NOT NULL,
  PRIMARY KEY (`id`),
  UNIQUE KEY `auth_permission_content_type_id_codename_01ab375a_uniq` (`content_type_id`,`codename`),
  CONSTRAINT `auth_permission_content_type_id_2f476e4b_fk_django_co` FOREIGN KEY (`content_type_id`) REFERENCES `django_content_type` (`id`)
) ENGINE=InnoDB AUTO_INCREMENT=46 DEFAULT CHARSET=latin1;
/*!40101 SET character_set_client = @saved_cs_client */;

--
-- Dumping data for table `auth_permission`
--

LOCK TABLES `auth_permission` WRITE;
/*!40000 ALTER TABLE `auth_permission` DISABLE KEYS */;
INSERT INTO `auth_permission` VALUES (1,'Can add log entry',1,'add_logentry'),(2,'Can change log entry',1,'change_logentry'),(3,'Can delete log entry',1,'delete_logentry'),(4,'Can add permission',2,'add_permission'),(5,'Can change permission',2,'change_permission'),(6,'Can delete permission',2,'delete_permission'),(7,'Can add group',3,'add_group'),(8,'Can change group',3,'change_group'),(9,'Can delete group',3,'delete_group'),(10,'Can add user',4,'add_user'),(11,'Can change user',4,'change_user'),(12,'Can delete user',4,'delete_user'),(13,'Can add content type',5,'add_contenttype'),(14,'Can change content type',5,'change_contenttype'),(15,'Can delete content type',5,'delete_contenttype'),(16,'Can add session',6,'add_session'),(17,'Can change session',6,'change_session'),(18,'Can delete session',6,'delete_session'),(19,'Can add registration profile',7,'add_registrationprofile'),(20,'Can change registration profile',7,'change_registrationprofile'),(21,'Can delete registration profile',7,'delete_registrationprofile'),(22,'Can add supervised registration profile',8,'add_supervisedregistrationprofile'),(23,'Can change supervised registration profile',8,'change_supervisedregistrationprofile'),(24,'Can delete supervised registration profile',8,'delete_supervisedregistrationprofile'),(25,'Can add author',9,'add_author'),(26,'Can change author',9,'change_author'),(27,'Can delete author',9,'delete_author'),(28,'Can add book',10,'add_book'),(29,'Can change book',10,'change_book'),(30,'Can delete book',10,'delete_book'),(31,'Can add category',11,'add_category'),(32,'Can change category',11,'change_category'),(33,'Can delete category',11,'delete_category'),(34,'Can add publisher',12,'add_publisher'),(35,'Can change publisher',12,'change_publisher'),(36,'Can delete publisher',12,'delete_publisher'),(37,'Can add order',13,'add_order'),(38,'Can change order',13,'change_order'),(39,'Can delete order',13,'delete_order'),(40,'Can add cart',14,'add_cart'),(41,'Can change cart',14,'change_cart'),(42,'Can delete cart',14,'delete_cart'),(43,'Can add cart item',15,'add_cartitem'),(44,'Can change cart item',15,'change_cartitem'),(45,'Can delete cart item',15,'delete_cartitem');
/*!40000 ALTER TABLE `auth_permission` ENABLE KEYS */;
UNLOCK TABLES;

--
-- Table structure for table `auth_user`
--

DROP TABLE IF EXISTS `auth_user`;
/*!40101 SET @saved_cs_client     = @@character_set_client */;
/*!40101 SET character_set_client = utf8 */;
CREATE TABLE `auth_user` (
  `id` int(11) NOT NULL AUTO_INCREMENT,
  `password` varchar(128) NOT NULL,
  `last_login` datetime(6) DEFAULT NULL,
  `is_superuser` tinyint(1) NOT NULL,
  `username` varchar(150) NOT NULL,
  `first_name` varchar(30) NOT NULL,
  `last_name` varchar(30) NOT NULL,
  `email` varchar(254) NOT NULL,
  `is_staff` tinyint(1) NOT NULL,
  `is_active` tinyint(1) NOT NULL,
  `date_joined` datetime(6) NOT NULL,
  PRIMARY KEY (`id`),
  UNIQUE KEY `username` (`username`)
) ENGINE=InnoDB AUTO_INCREMENT=3 DEFAULT CHARSET=latin1;
/*!40101 SET character_set_client = @saved_cs_client */;

--
-- Dumping data for table `auth_user`
--

LOCK TABLES `auth_user` WRITE;
/*!40000 ALTER TABLE `auth_user` DISABLE KEYS */;
INSERT INTO `auth_user` VALUES (1,'pbkdf2_sha256$36000$rIvSSVbiwfrW$gYs835/YiFpgZXCqEkenR4/5hgLRfnQlYrcjd02KpVM=','2017-07-03 03:05:10.642481',1,'admin','','','darklord.hung@gmail.com',1,1,'2017-06-28 07:21:18.465783'),(2,'pbkdf2_sha256$36000$k3h3wlDOBZvd$yx/n18zFYyxUOH8uDzKeeECslEF8/0Yz0nPY4F+ZcgE=',NULL,0,'test','','','',0,1,'2017-07-03 03:05:29.308077');
/*!40000 ALTER TABLE `auth_user` ENABLE KEYS */;
UNLOCK TABLES;

--
-- Table structure for table `auth_user_groups`
--

DROP TABLE IF EXISTS `auth_user_groups`;
/*!40101 SET @saved_cs_client     = @@character_set_client */;
/*!40101 SET character_set_client = utf8 */;
CREATE TABLE `auth_user_groups` (
  `id` int(11) NOT NULL AUTO_INCREMENT,
  `user_id` int(11) NOT NULL,
  `group_id` int(11) NOT NULL,
  PRIMARY KEY (`id`),
  UNIQUE KEY `auth_user_groups_user_id_group_id_94350c0c_uniq` (`user_id`,`group_id`),
  KEY `auth_user_groups_group_id_97559544_fk_auth_group_id` (`group_id`),
  CONSTRAINT `auth_user_groups_group_id_97559544_fk_auth_group_id` FOREIGN KEY (`group_id`) REFERENCES `auth_group` (`id`),
  CONSTRAINT `auth_user_groups_user_id_6a12ed8b_fk_auth_user_id` FOREIGN KEY (`user_id`) REFERENCES `auth_user` (`id`)
) ENGINE=InnoDB DEFAULT CHARSET=latin1;
/*!40101 SET character_set_client = @saved_cs_client */;

--
-- Dumping data for table `auth_user_groups`
--

LOCK TABLES `auth_user_groups` WRITE;
/*!40000 ALTER TABLE `auth_user_groups` DISABLE KEYS */;
/*!40000 ALTER TABLE `auth_user_groups` ENABLE KEYS */;
UNLOCK TABLES;

--
-- Table structure for table `auth_user_user_permissions`
--

DROP TABLE IF EXISTS `auth_user_user_permissions`;
/*!40101 SET @saved_cs_client     = @@character_set_client */;
/*!40101 SET character_set_client = utf8 */;
CREATE TABLE `auth_user_user_permissions` (
  `id` int(11) NOT NULL AUTO_INCREMENT,
  `user_id` int(11) NOT NULL,
  `permission_id` int(11) NOT NULL,
  PRIMARY KEY (`id`),
  UNIQUE KEY `auth_user_user_permissions_user_id_permission_id_14a6b632_uniq` (`user_id`,`permission_id`),
  KEY `auth_user_user_permi_permission_id_1fbb5f2c_fk_auth_perm` (`permission_id`),
  CONSTRAINT `auth_user_user_permi_permission_id_1fbb5f2c_fk_auth_perm` FOREIGN KEY (`permission_id`) REFERENCES `auth_permission` (`id`),
  CONSTRAINT `auth_user_user_permissions_user_id_a95ead1b_fk_auth_user_id` FOREIGN KEY (`user_id`) REFERENCES `auth_user` (`id`)
) ENGINE=InnoDB DEFAULT CHARSET=latin1;
/*!40101 SET character_set_client = @saved_cs_client */;

--
-- Dumping data for table `auth_user_user_permissions`
--

LOCK TABLES `auth_user_user_permissions` WRITE;
/*!40000 ALTER TABLE `auth_user_user_permissions` DISABLE KEYS */;
/*!40000 ALTER TABLE `auth_user_user_permissions` ENABLE KEYS */;
UNLOCK TABLES;

--
-- Table structure for table `books_author`
--

DROP TABLE IF EXISTS `books_author`;
/*!40101 SET @saved_cs_client     = @@character_set_client */;
/*!40101 SET character_set_client = utf8 */;
CREATE TABLE `books_author` (
  `id` int(11) NOT NULL AUTO_INCREMENT,
  `name` varchar(50) NOT NULL,
  PRIMARY KEY (`id`)
) ENGINE=InnoDB AUTO_INCREMENT=2 DEFAULT CHARSET=latin1;
/*!40101 SET character_set_client = @saved_cs_client */;

--
-- Dumping data for table `books_author`
--

LOCK TABLES `books_author` WRITE;
/*!40000 ALTER TABLE `books_author` DISABLE KEYS */;
INSERT INTO `books_author` VALUES (1,'Thomas Harris');
/*!40000 ALTER TABLE `books_author` ENABLE KEYS */;
UNLOCK TABLES;

--
-- Table structure for table `books_book`
--

DROP TABLE IF EXISTS `books_book`;
/*!40101 SET @saved_cs_client     = @@character_set_client */;
/*!40101 SET character_set_client = utf8 */;
CREATE TABLE `books_book` (
  `id` int(11) NOT NULL AUTO_INCREMENT,
  `title` varchar(100) NOT NULL,
  `publication_date` date DEFAULT NULL,
  `language` varchar(50) DEFAULT NULL,
  `number_of_pages` int(10) unsigned NOT NULL,
  `format` varchar(50) NOT NULL,
  `inventory` int(10) unsigned DEFAULT NULL,
  `image` varchar(100) NOT NULL,
  `publisher_id` int(11) NOT NULL,
  PRIMARY KEY (`id`),
  KEY `books_book_publisher_id_189e6c56_fk_books_publisher_id` (`publisher_id`),
  CONSTRAINT `books_book_publisher_id_189e6c56_fk_books_publisher_id` FOREIGN KEY (`publisher_id`) REFERENCES `books_publisher` (`id`)
) ENGINE=InnoDB AUTO_INCREMENT=5 DEFAULT CHARSET=latin1;
/*!40101 SET character_set_client = @saved_cs_client */;

--
-- Dumping data for table `books_book`
--

LOCK TABLES `books_book` WRITE;
/*!40000 ALTER TABLE `books_book` DISABLE KEYS */;
INSERT INTO `books_book` VALUES (1,'Silence of the Lambs','2017-06-01','English',100,'json',100,'test',1),(2,'test','2017-06-20','Vietnam',100,'json',11,'None/Silence3_p1AGhY8.png',1),(3,'bluecode','2017-06-01','Vietnam',100,'json',123,'books/bluecode/bluecode-None.png',1),(4,'Mouse','2017-05-11','Vietnam',45,'json',3,'books/mouse/mouse-None.jpg',1);
/*!40000 ALTER TABLE `books_book` ENABLE KEYS */;
UNLOCK TABLES;

--
-- Table structure for table `books_book_authors`
--

DROP TABLE IF EXISTS `books_book_authors`;
/*!40101 SET @saved_cs_client     = @@character_set_client */;
/*!40101 SET character_set_client = utf8 */;
CREATE TABLE `books_book_authors` (
  `id` int(11) NOT NULL AUTO_INCREMENT,
  `book_id` int(11) NOT NULL,
  `author_id` int(11) NOT NULL,
  PRIMARY KEY (`id`),
  UNIQUE KEY `books_book_authors_book_id_author_id_8714badb_uniq` (`book_id`,`author_id`),
  KEY `books_book_authors_author_id_984f1ab8_fk_books_author_id` (`author_id`),
  CONSTRAINT `books_book_authors_author_id_984f1ab8_fk_books_author_id` FOREIGN KEY (`author_id`) REFERENCES `books_author` (`id`),
  CONSTRAINT `books_book_authors_book_id_ed3433e7_fk_books_book_id` FOREIGN KEY (`book_id`) REFERENCES `books_book` (`id`)
) ENGINE=InnoDB AUTO_INCREMENT=3 DEFAULT CHARSET=latin1;
/*!40101 SET character_set_client = @saved_cs_client */;

--
-- Dumping data for table `books_book_authors`
--

LOCK TABLES `books_book_authors` WRITE;
/*!40000 ALTER TABLE `books_book_authors` DISABLE KEYS */;
INSERT INTO `books_book_authors` VALUES (1,1,1),(2,4,1);
/*!40000 ALTER TABLE `books_book_authors` ENABLE KEYS */;
UNLOCK TABLES;

--
-- Table structure for table `books_book_categories`
--

DROP TABLE IF EXISTS `books_book_categories`;
/*!40101 SET @saved_cs_client     = @@character_set_client */;
/*!40101 SET character_set_client = utf8 */;
CREATE TABLE `books_book_categories` (
  `id` int(11) NOT NULL AUTO_INCREMENT,
  `book_id` int(11) NOT NULL,
  `category_id` int(11) NOT NULL,
  PRIMARY KEY (`id`),
  UNIQUE KEY `books_book_categories_book_id_category_id_019abde5_uniq` (`book_id`,`category_id`),
  KEY `books_book_categories_category_id_eee537c6_fk_books_category_id` (`category_id`),
  CONSTRAINT `books_book_categories_book_id_7ebd7550_fk_books_book_id` FOREIGN KEY (`book_id`) REFERENCES `books_book` (`id`),
  CONSTRAINT `books_book_categories_category_id_eee537c6_fk_books_category_id` FOREIGN KEY (`category_id`) REFERENCES `books_category` (`id`)
) ENGINE=InnoDB AUTO_INCREMENT=2 DEFAULT CHARSET=latin1;
/*!40101 SET character_set_client = @saved_cs_client */;

--
-- Dumping data for table `books_book_categories`
--

LOCK TABLES `books_book_categories` WRITE;
/*!40000 ALTER TABLE `books_book_categories` DISABLE KEYS */;
INSERT INTO `books_book_categories` VALUES (1,1,1);
/*!40000 ALTER TABLE `books_book_categories` ENABLE KEYS */;
UNLOCK TABLES;

--
-- Table structure for table `books_category`
--

DROP TABLE IF EXISTS `books_category`;
/*!40101 SET @saved_cs_client     = @@character_set_client */;
/*!40101 SET character_set_client = utf8 */;
CREATE TABLE `books_category` (
  `id` int(11) NOT NULL AUTO_INCREMENT,
  `title` varchar(120) NOT NULL,
  PRIMARY KEY (`id`),
  UNIQUE KEY `title` (`title`)
) ENGINE=InnoDB AUTO_INCREMENT=2 DEFAULT CHARSET=latin1;
/*!40101 SET character_set_client = @saved_cs_client */;

--
-- Dumping data for table `books_category`
--

LOCK TABLES `books_category` WRITE;
/*!40000 ALTER TABLE `books_category` DISABLE KEYS */;
INSERT INTO `books_category` VALUES (1,'Horror');
/*!40000 ALTER TABLE `books_category` ENABLE KEYS */;
UNLOCK TABLES;

--
-- Table structure for table `books_publisher`
--

DROP TABLE IF EXISTS `books_publisher`;
/*!40101 SET @saved_cs_client     = @@character_set_client */;
/*!40101 SET character_set_client = utf8 */;
CREATE TABLE `books_publisher` (
  `id` int(11) NOT NULL AUTO_INCREMENT,
  `name` varchar(50) NOT NULL,
  PRIMARY KEY (`id`)
) ENGINE=InnoDB AUTO_INCREMENT=2 DEFAULT CHARSET=latin1;
/*!40101 SET character_set_client = @saved_cs_client */;

--
-- Dumping data for table `books_publisher`
--

LOCK TABLES `books_publisher` WRITE;
/*!40000 ALTER TABLE `books_publisher` DISABLE KEYS */;
INSERT INTO `books_publisher` VALUES (1,'Nha Nam');
/*!40000 ALTER TABLE `books_publisher` ENABLE KEYS */;
UNLOCK TABLES;

--
-- Table structure for table `carts_cart`
--

DROP TABLE IF EXISTS `carts_cart`;
/*!40101 SET @saved_cs_client     = @@character_set_client */;
/*!40101 SET character_set_client = utf8 */;
CREATE TABLE `carts_cart` (
  `id` int(11) NOT NULL AUTO_INCREMENT,
  `user_id` int(11) DEFAULT NULL,
  PRIMARY KEY (`id`),
  KEY `carts_cart_user_id_bd0756c7_fk_auth_user_id` (`user_id`),
  CONSTRAINT `carts_cart_user_id_bd0756c7_fk_auth_user_id` FOREIGN KEY (`user_id`) REFERENCES `auth_user` (`id`)
) ENGINE=InnoDB AUTO_INCREMENT=2 DEFAULT CHARSET=latin1;
/*!40101 SET character_set_client = @saved_cs_client */;

--
-- Dumping data for table `carts_cart`
--

LOCK TABLES `carts_cart` WRITE;
/*!40000 ALTER TABLE `carts_cart` DISABLE KEYS */;
INSERT INTO `carts_cart` VALUES (1,1);
/*!40000 ALTER TABLE `carts_cart` ENABLE KEYS */;
UNLOCK TABLES;

--
-- Table structure for table `carts_cartitem`
--

DROP TABLE IF EXISTS `carts_cartitem`;
/*!40101 SET @saved_cs_client     = @@character_set_client */;
/*!40101 SET character_set_client = utf8 */;
CREATE TABLE `carts_cartitem` (
  `id` int(11) NOT NULL AUTO_INCREMENT,
  `quantity` int(10) unsigned NOT NULL,
  `cart_id` int(11) NOT NULL,
  `item_id` int(11) NOT NULL,
  PRIMARY KEY (`id`),
  KEY `carts_cartitem_cart_id_9cb0a756_fk_carts_cart_id` (`cart_id`),
  KEY `carts_cartitem_item_id_6644202d_fk_books_book_id` (`item_id`),
  CONSTRAINT `carts_cartitem_cart_id_9cb0a756_fk_carts_cart_id` FOREIGN KEY (`cart_id`) REFERENCES `carts_cart` (`id`),
  CONSTRAINT `carts_cartitem_item_id_6644202d_fk_books_book_id` FOREIGN KEY (`item_id`) REFERENCES `books_book` (`id`)
) ENGINE=InnoDB DEFAULT CHARSET=latin1;
/*!40101 SET character_set_client = @saved_cs_client */;

--
-- Dumping data for table `carts_cartitem`
--

LOCK TABLES `carts_cartitem` WRITE;
/*!40000 ALTER TABLE `carts_cartitem` DISABLE KEYS */;
/*!40000 ALTER TABLE `carts_cartitem` ENABLE KEYS */;
UNLOCK TABLES;

--
-- Table structure for table `django_admin_log`
--

DROP TABLE IF EXISTS `django_admin_log`;
/*!40101 SET @saved_cs_client     = @@character_set_client */;
/*!40101 SET character_set_client = utf8 */;
CREATE TABLE `django_admin_log` (
  `id` int(11) NOT NULL AUTO_INCREMENT,
  `action_time` datetime(6) NOT NULL,
  `object_id` longtext,
  `object_repr` varchar(200) NOT NULL,
  `action_flag` smallint(5) unsigned NOT NULL,
  `change_message` longtext NOT NULL,
  `content_type_id` int(11) DEFAULT NULL,
  `user_id` int(11) NOT NULL,
  PRIMARY KEY (`id`),
  KEY `django_admin_log_content_type_id_c4bce8eb_fk_django_co` (`content_type_id`),
  KEY `django_admin_log_user_id_c564eba6_fk_auth_user_id` (`user_id`),
  CONSTRAINT `django_admin_log_content_type_id_c4bce8eb_fk_django_co` FOREIGN KEY (`content_type_id`) REFERENCES `django_content_type` (`id`),
  CONSTRAINT `django_admin_log_user_id_c564eba6_fk_auth_user_id` FOREIGN KEY (`user_id`) REFERENCES `auth_user` (`id`)
) ENGINE=InnoDB AUTO_INCREMENT=2 DEFAULT CHARSET=latin1;
/*!40101 SET character_set_client = @saved_cs_client */;

--
-- Dumping data for table `django_admin_log`
--

LOCK TABLES `django_admin_log` WRITE;
/*!40000 ALTER TABLE `django_admin_log` DISABLE KEYS */;
INSERT INTO `django_admin_log` VALUES (1,'2017-07-03 03:05:29.392674','2','test',1,'[{\"added\": {}}]',4,1);
/*!40000 ALTER TABLE `django_admin_log` ENABLE KEYS */;
UNLOCK TABLES;

--
-- Table structure for table `django_content_type`
--

DROP TABLE IF EXISTS `django_content_type`;
/*!40101 SET @saved_cs_client     = @@character_set_client */;
/*!40101 SET character_set_client = utf8 */;
CREATE TABLE `django_content_type` (
  `id` int(11) NOT NULL AUTO_INCREMENT,
  `app_label` varchar(100) NOT NULL,
  `model` varchar(100) NOT NULL,
  PRIMARY KEY (`id`),
  UNIQUE KEY `django_content_type_app_label_model_76bd3d3b_uniq` (`app_label`,`model`)
) ENGINE=InnoDB AUTO_INCREMENT=16 DEFAULT CHARSET=latin1;
/*!40101 SET character_set_client = @saved_cs_client */;

--
-- Dumping data for table `django_content_type`
--

LOCK TABLES `django_content_type` WRITE;
/*!40000 ALTER TABLE `django_content_type` DISABLE KEYS */;
INSERT INTO `django_content_type` VALUES (1,'admin','logentry'),(3,'auth','group'),(2,'auth','permission'),(4,'auth','user'),(9,'books','author'),(10,'books','book'),(11,'books','category'),(12,'books','publisher'),(14,'carts','cart'),(15,'carts','cartitem'),(5,'contenttypes','contenttype'),(13,'orders','order'),(7,'registration','registrationprofile'),(8,'registration','supervisedregistrationprofile'),(6,'sessions','session');
/*!40000 ALTER TABLE `django_content_type` ENABLE KEYS */;
UNLOCK TABLES;

--
-- Table structure for table `django_migrations`
--

DROP TABLE IF EXISTS `django_migrations`;
/*!40101 SET @saved_cs_client     = @@character_set_client */;
/*!40101 SET character_set_client = utf8 */;
CREATE TABLE `django_migrations` (
  `id` int(11) NOT NULL AUTO_INCREMENT,
  `app` varchar(255) NOT NULL,
  `name` varchar(255) NOT NULL,
  `applied` datetime(6) NOT NULL,
  PRIMARY KEY (`id`)
) ENGINE=InnoDB AUTO_INCREMENT=22 DEFAULT CHARSET=latin1;
/*!40101 SET character_set_client = @saved_cs_client */;

--
-- Dumping data for table `django_migrations`
--

LOCK TABLES `django_migrations` WRITE;
/*!40000 ALTER TABLE `django_migrations` DISABLE KEYS */;
INSERT INTO `django_migrations` VALUES (1,'contenttypes','0001_initial','2017-06-28 06:52:16.278935'),(2,'auth','0001_initial','2017-06-28 06:52:17.232793'),(3,'admin','0001_initial','2017-06-28 06:52:17.427544'),(4,'admin','0002_logentry_remove_auto_add','2017-06-28 06:52:17.452443'),(5,'contenttypes','0002_remove_content_type_name','2017-06-28 06:52:17.590307'),(6,'auth','0002_alter_permission_name_max_length','2017-06-28 06:52:17.614633'),(7,'auth','0003_alter_user_email_max_length','2017-06-28 06:52:17.638915'),(8,'auth','0004_alter_user_username_opts','2017-06-28 06:52:17.656128'),(9,'auth','0005_alter_user_last_login_null','2017-06-28 06:52:17.722587'),(10,'auth','0006_require_contenttypes_0002','2017-06-28 06:52:17.727988'),(11,'auth','0007_alter_validators_add_error_messages','2017-06-28 06:52:17.743045'),(12,'auth','0008_alter_user_username_max_length','2017-06-28 06:52:17.792986'),(13,'books','0001_initial','2017-06-28 06:52:18.479686'),(14,'carts','0001_initial','2017-06-28 06:52:18.858165'),(15,'orders','0001_initial','2017-06-28 06:52:19.071254'),(16,'registration','0001_initial','2017-06-28 06:52:19.207066'),(17,'registration','0002_registrationprofile_activated','2017-06-28 06:52:19.280122'),(18,'registration','0003_migrate_activatedstatus','2017-06-28 06:52:19.314909'),(19,'registration','0004_supervisedregistrationprofile','2017-06-28 06:52:19.435259'),(20,'sessions','0001_initial','2017-06-28 06:52:19.498884'),(21,'books','0002_auto_20170703_0304','2017-07-03 03:04:32.413328');
/*!40000 ALTER TABLE `django_migrations` ENABLE KEYS */;
UNLOCK TABLES;

--
-- Table structure for table `django_session`
--

DROP TABLE IF EXISTS `django_session`;
/*!40101 SET @saved_cs_client     = @@character_set_client */;
/*!40101 SET character_set_client = utf8 */;
CREATE TABLE `django_session` (
  `session_key` varchar(40) NOT NULL,
  `session_data` longtext NOT NULL,
  `expire_date` datetime(6) NOT NULL,
  PRIMARY KEY (`session_key`),
  KEY `django_session_expire_date_a5c62663` (`expire_date`)
) ENGINE=InnoDB DEFAULT CHARSET=latin1;
/*!40101 SET character_set_client = @saved_cs_client */;

--
-- Dumping data for table `django_session`
--

LOCK TABLES `django_session` WRITE;
/*!40000 ALTER TABLE `django_session` DISABLE KEYS */;
/*!40000 ALTER TABLE `django_session` ENABLE KEYS */;
UNLOCK TABLES;

--
-- Table structure for table `orders_order`
--

DROP TABLE IF EXISTS `orders_order`;
/*!40101 SET @saved_cs_client     = @@character_set_client */;
/*!40101 SET character_set_client = utf8 */;
CREATE TABLE `orders_order` (
  `id` int(11) NOT NULL AUTO_INCREMENT,
  `order_id` varchar(20) DEFAULT NULL,
  `status` varchar(100) NOT NULL,
  `cart_id` int(11) NOT NULL,
  `user_id` int(11) DEFAULT NULL,
  PRIMARY KEY (`id`),
  KEY `orders_order_cart_id_7e0252e3_fk_carts_cart_id` (`cart_id`),
  KEY `orders_order_user_id_e9b59eb1_fk_auth_user_id` (`user_id`),
  CONSTRAINT `orders_order_cart_id_7e0252e3_fk_carts_cart_id` FOREIGN KEY (`cart_id`) REFERENCES `carts_cart` (`id`),
  CONSTRAINT `orders_order_user_id_e9b59eb1_fk_auth_user_id` FOREIGN KEY (`user_id`) REFERENCES `auth_user` (`id`)
) ENGINE=InnoDB AUTO_INCREMENT=2 DEFAULT CHARSET=latin1;
/*!40101 SET character_set_client = @saved_cs_client */;

--
-- Dumping data for table `orders_order`
--

LOCK TABLES `orders_order` WRITE;
/*!40000 ALTER TABLE `orders_order` DISABLE KEYS */;
INSERT INTO `orders_order` VALUES (1,'1','created',1,1);
/*!40000 ALTER TABLE `orders_order` ENABLE KEYS */;
UNLOCK TABLES;

--
-- Table structure for table `registration_registrationprofile`
--

DROP TABLE IF EXISTS `registration_registrationprofile`;
/*!40101 SET @saved_cs_client     = @@character_set_client */;
/*!40101 SET character_set_client = utf8 */;
CREATE TABLE `registration_registrationprofile` (
  `id` int(11) NOT NULL AUTO_INCREMENT,
  `activation_key` varchar(40) NOT NULL,
  `user_id` int(11) NOT NULL,
  `activated` tinyint(1) NOT NULL,
  PRIMARY KEY (`id`),
  UNIQUE KEY `user_id` (`user_id`),
  CONSTRAINT `registration_registr_user_id_5fcbf725_fk_auth_user` FOREIGN KEY (`user_id`) REFERENCES `auth_user` (`id`)
) ENGINE=InnoDB DEFAULT CHARSET=latin1;
/*!40101 SET character_set_client = @saved_cs_client */;

--
-- Dumping data for table `registration_registrationprofile`
--

LOCK TABLES `registration_registrationprofile` WRITE;
/*!40000 ALTER TABLE `registration_registrationprofile` DISABLE KEYS */;
/*!40000 ALTER TABLE `registration_registrationprofile` ENABLE KEYS */;
UNLOCK TABLES;

--
-- Table structure for table `registration_supervisedregistrationprofile`
--

DROP TABLE IF EXISTS `registration_supervisedregistrationprofile`;
/*!40101 SET @saved_cs_client     = @@character_set_client */;
/*!40101 SET character_set_client = utf8 */;
CREATE TABLE `registration_supervisedregistrationprofile` (
  `registrationprofile_ptr_id` int(11) NOT NULL,
  PRIMARY KEY (`registrationprofile_ptr_id`),
  CONSTRAINT `registration_supervi_registrationprofile__0a59f3b2_fk_registrat` FOREIGN KEY (`registrationprofile_ptr_id`) REFERENCES `registration_registrationprofile` (`id`)
) ENGINE=InnoDB DEFAULT CHARSET=latin1;
/*!40101 SET character_set_client = @saved_cs_client */;

--
-- Dumping data for table `registration_supervisedregistrationprofile`
--

LOCK TABLES `registration_supervisedregistrationprofile` WRITE;
/*!40000 ALTER TABLE `registration_supervisedregistrationprofile` DISABLE KEYS */;
/*!40000 ALTER TABLE `registration_supervisedregistrationprofile` ENABLE KEYS */;
UNLOCK TABLES;
/*!40103 SET TIME_ZONE=@OLD_TIME_ZONE */;

/*!40101 SET SQL_MODE=@OLD_SQL_MODE */;
/*!40014 SET FOREIGN_KEY_CHECKS=@OLD_FOREIGN_KEY_CHECKS */;
/*!40014 SET UNIQUE_CHECKS=@OLD_UNIQUE_CHECKS */;
/*!40101 SET CHARACTER_SET_CLIENT=@OLD_CHARACTER_SET_CLIENT */;
/*!40101 SET CHARACTER_SET_RESULTS=@OLD_CHARACTER_SET_RESULTS */;
/*!40101 SET COLLATION_CONNECTION=@OLD_COLLATION_CONNECTION */;
/*!40111 SET SQL_NOTES=@OLD_SQL_NOTES */;

-- Dump completed on 2017-07-03  3:37:00
