{"url": "http://testserver/api/books/10/", "id": 10, "title": "Essential Reading For IELTS", "publisher": "Nh\u00e0 xu\u1ea5t b\u1ea3n t\u1ed5ng h\u1ee3p", "authors": ["Nh\u00f3m t\u00e1c gi\u1ea3"], "categories": ["English"], "publication_date": "2017-07-09", "language": "Vietnam", "number_of_pages": 351, "format": "Unknown", "inventory": 3, "description": "Essential Reading For IELTS\r\n\r\nEssential Reading for IELTS is a comprehensive preparation course for the IELTS Reading Module. It is designed to target a broad range of IELTS test-takers, from the pre-intermediate learners to those who have a higher level of proficiency. Essential Reading for IELTS develops both test-taking skills and language necessary for you to achieve an IELTS Reading score between 5.0 and 6.5.\r\n\r\nMain features of Essential Reading for IELTS: Preparation and practice material is organised into three levels: Pre-intermediate, Intermediate and Upper-intermediate. The book consists of 22 units with 52 lessons. The units in each level are based on topics which frequently appear in the real test. There are 3 sections in every lesson:\r\n\r\nWarm-up: This section often takes the form of a discussion question, an interesting proverb, or an anecdote to introduce contexts and motivate the learners.\r\n\r\nSkill Focus: Essential reading skills, especially those specific to the IELTS test, are introduced through this section.\r\n\r\nMain Reading Text: This section provides targeted practice exercises so that you can apply what you have learned in the previous section and develop the test-taking and language skills in focus. These exercises are very similar to real-test items in terms of question types and the level of difficulty.", "condition": "old", "image": "http://testserver/www/media/books/essential-reading-for-ielts/essential-reading-for-ielts.jpg", "archive_link": "http://testserver/www/media/download/essential-reading-for-ielts.zip"}
