{"url": "http://testserver/api/books/1/", "id": 1, "title": "Crayon Shin-chan", "publisher": "Futabasha Publishers", "authors": ["Usui Yoshito"], "categories": ["Comics"], "publication_date": "2017-07-06", "language": "Vietnam", "number_of_pages": 26, "format": "Unknown", "inventory": -1, "description": "Shin-c\u1eadu b\u00e9 b\u00fat ch\u00ec (\u30af\u30ec\u30e8\u30f3\u3057\u3093\u3061\u3083\u3093 Kureyon Shin-chan?) (t\u1ef1a \u0111\u1ec1 ti\u1ebfng Anh:Crayon Shin-chan) l\u00e0 m\u1ed9t b\u1ed9 truy\u1ec7n tranh c\u1ee7a t\u00e1c gi\u1ea3 Usui Yoshito, b\u1ed9 truy\u1ec7n k\u1ec3 v\u1ec1 ch\u00fa nh\u00f3c Shin 5 tu\u1ed5i,v\u1edbi nh\u1eefng c\u00e2u chuy\u1ec7n phi\u00eau l\u01b0u c\u00f9ng v\u1edbi b\u1ed1 m\u1eb9, em g\u00e1i, ch\u00fa c\u00fan B\u1ea1ch Tuy\u1ebft, b\u1ea1n b\u00e8 v\u00e0 nh\u1eefng nh\u00e2n v\u1eadt kh\u00e1c. C\u00e2u truy\u1ec7n c\u00f3 n\u00e9t v\u1ebd \u0111\u01a1n gi\u1ea3n, qua \u0111\u00f3 t\u00e1c gi\u1ea3 \u0111\u00e3 t\u1ea1o \u0111\u01b0\u1ee3c v\u1ebb \u0111\u00e1ng y\u00eau c\u1ee7a c\u1eadu b\u00e9. C\u00f3 th\u1ec3 n\u00f3i r\u1eb1ng,nh\u1eefng c\u00e2u chuy\u1ec7n c\u1ee7a cu Shin l\u00e0 vi\u1ec7c x\u1ea3y ra h\u1eb1ng ng\u00e0y. Shin l\u00e0 m\u1ed9t \u0111\u1ee9a tr\u1ebb kh\u00e1c th\u01b0\u1eddng so v\u1edbi c\u00e1c b\u1ea1n kh\u00e1c. C\u1eadu b\u00e9 c\u00f3 t\u00ednh n\u0103ng \u0111\u1ed9ng, ngh\u1ecbch ng\u1ee3m,r\u1ea5t th\u00edch nh\u1eefng c\u00f4 g\u00e1i tr\u1ebb \u0111\u1eb9p, si\u00eau nh\u00e2n, l\u1ee3n Buri Buri v\u00e0 ch\u1ecb Nanako.", "condition": "old", "image": "http://testserver/www/media/books/crayon-shin-chan/crayon-shin-chan.jpg", "archive_link": "http://testserver/www/media/download/crayon-shin-chan.zip"}
