{"url": "http://testserver/api/books/194/", "id": 194, "title": "blabla", "publisher": "Nha Nam", "authors": ["Thomas Harris"], "categories": ["jUbUCAKDTIUmaPWILsjSjbsgLkTWiVFVWOZSrhvnKpuWiKkMdosatWHoFuaLqzJiUpUoHfBFSzRXtmFGeQZtGTspvoeYxVyYMytPRWNkJfRPYakrhCovFwGq"], "publication_date": "2017-06-01", "language": "Vietnam", "number_of_pages": 3, "format": "json", "inventory": 3, "description": "123", "condition": "new", "image": "http://testserver/www/media/books/blabla/blabla.jpg", "archive_link": "http://testserver/www/media/download/blablazzzzzzzzzzz.zip"}
